UserName;Password;First Name;Last Name;Email;Street;Zip;City
BigBengt;b;Bengt;Hansson;bigbengt@mail.com;Raggarv�gen 3;47533;Vara
ZiggeZig;Q;Sixten;Almlof;ziggezig@mail.com;Graddhyllan 5;55788;Billdal
BosseBus;h;Bo;Andersson;bo@mail.com;gatan45;45722;Gothenburg
Admin;A;Admin;Company;Company;Company;Company;Company
Abdi;12345;Abdirahman;Omar;vdsvsdvv;vdsvsdv;dsvsdvsd;vsvs
AbdMoh;A;Abdirahman;Omar;Faluuja2020@gmail.com;Rymdtorget;41566;Göteborg
OmarMoh;O;Omar;Mohamed;Omar@gmail.com;Maple Avenue;12345;Rivertown
HugoAndersson;1234;Hugo;Andersson;Hugo@mail.com;gatgatan32;243 91;Höör
